{"inputUnits":[42],"outputUnits":6,"inputs":{"0":{"dtype":"number","min":-0.009538546204566956,"max":0.9365780353546143},"1":{"dtype":"number","min":0.19370101392269135,"max":0.9857090711593628},"2":{"dtype":"number","min":0.025519050657749176,"max":0.907119631767273},"3":{"dtype":"number","min":0.15601763129234314,"max":0.9338383674621582},"4":{"dtype":"number","min":0.07305900752544403,"max":0.8729906678199768},"5":{"dtype":"number","min":0.12947380542755127,"max":0.8599151968955994},"6":{"dtype":"number","min":0.12081970274448395,"max":0.8488256931304932},"7":{"dtype":"number","min":0.11762440949678421,"max":0.8223056793212891},"8":{"dtype":"number","min":0.13204529881477356,"max":0.8361825942993164},"9":{"dtype":"number","min":0.13380441069602966,"max":0.8567568063735962},"10":{"dtype":"number","min":0.08927333354949951,"max":0.8158902525901794},"11":{"dtype":"number","min":0.1796342432498932,"max":0.8470422029495239},"12":{"dtype":"number","min":0.1154988706111908,"max":0.8596991896629333},"13":{"dtype":"number","min":0.1420750766992569,"max":0.8424819707870483},"14":{"dtype":"number","min":0.07502894103527069,"max":0.8986539840698242},"15":{"dtype":"number","min":0.10367290675640106,"max":0.844799280166626},"16":{"dtype":"number","min":0.04028072953224182,"max":0.9283052086830139},"17":{"dtype":"number","min":0.07138822972774506,"max":0.8477426767349243},"18":{"dtype":"number","min":0.09574510157108307,"max":0.8435097932815552},"19":{"dtype":"number","min":0.21582043170928955,"max":0.903411328792572},"20":{"dtype":"number","min":0.10059293359518051,"max":0.8494586944580078},"21":{"dtype":"number","min":0.19366298615932465,"max":0.8951535224914551},"22":{"dtype":"number","min":0.13407807052135468,"max":0.8297526240348816},"23":{"dtype":"number","min":0.17061737179756165,"max":0.880710780620575},"24":{"dtype":"number","min":0.14014896750450134,"max":0.8531172871589661},"25":{"dtype":"number","min":0.15548036992549896,"max":0.8830738663673401},"26":{"dtype":"number","min":0.09656153619289398,"max":0.8530588746070862},"27":{"dtype":"number","min":0.20203325152397156,"max":0.9529381394386292},"28":{"dtype":"number","min":0.09429331868886948,"max":0.8504000902175903},"29":{"dtype":"number","min":0.18607518076896667,"max":0.9307835698127747},"30":{"dtype":"number","min":0.12057312577962875,"max":0.8631066679954529},"31":{"dtype":"number","min":0.18401801586151123,"max":0.9163255095481873},"32":{"dtype":"number","min":0.12230184674263,"max":0.884875476360321},"33":{"dtype":"number","min":0.17452815175056458,"max":0.9166098833084106},"34":{"dtype":"number","min":0.0843515545129776,"max":0.883444607257843},"35":{"dtype":"number","min":0.16383862495422363,"max":0.9899812936782837},"36":{"dtype":"number","min":0.06821929663419724,"max":0.8806158900260925},"37":{"dtype":"number","min":0.15876153111457825,"max":0.9620988368988037},"38":{"dtype":"number","min":0.0932568684220314,"max":0.8893870115280151},"39":{"dtype":"number","min":0.18289649486541748,"max":0.9500289559364319},"40":{"dtype":"number","min":0.11158833652734756,"max":0.8997249603271484},"41":{"dtype":"number","min":0.1981601119041443,"max":0.9460574388504028}},"outputs":{"label":{"dtype":"string","min":0,"max":1,"uniqueValues":["up","run-up-right","run-left","run-up-left","stop","run-right"],"legend":{"up":[1,0,0,0,0,0],"run-up-right":[0,1,0,0,0,0],"run-left":[0,0,1,0,0,0],"run-up-left":[0,0,0,1,0,0],"stop":[0,0,0,0,1,0],"run-right":[0,0,0,0,0,1]}}},"isNormalized":true}